{
  "split": {
    "train_rows": 60000,
    "test_rows": 40000,
    "train_years": [
      2019,
      2020,
      2021,
      2022
    ],
    "test_years": [
      2023
    ],
    "features": [
      "rainfall_mm",
      "rainfall_roll3_mean",
      "rainfall_roll3_sum",
      "rainfall_roll7_mean",
      "rainfall_roll7_sum",
      "rainfall_roll14_mean",
      "rainfall_roll14_sum",
      "rainfall_lag1",
      "rainfall_lag3",
      "rainfall_lag7",
      "river_daily_mean",
      "river_daily_max",
      "river_daily_min",
      "river_obs_count",
      "river_daily_mean_lag1",
      "river_daily_mean_roll3_mean",
      "river_daily_max_lag1",
      "river_daily_max_roll3_mean",
      "river_is_discharge",
      "month",
      "day_of_year",
      "state",
      "district"
    ]
  },
  "random_forest": {
    "roc_auc": 0.978809433855116,
    "classification_report": {
      "0": {
        "precision": 0.9930657964921088,
        "recall": 0.9124192804428044,
        "f1-score": 0.9510359230156703,
        "support": 34688.0
      },
      "1": {
        "precision": 0.6262762947472014,
        "recall": 0.9583960843373494,
        "f1-score": 0.7575329216576148,
        "support": 5312.0
      },
      "accuracy": 0.918525,
      "macro avg": {
        "precision": 0.8096710456196551,
        "recall": 0.9354076823900769,
        "f1-score": 0.8542844223366426,
        "support": 40000.0
      },
      "weighted avg": {
        "precision": 0.9443561506603851,
        "recall": 0.918525,
        "f1-score": 0.9253387244353205,
        "support": 40000.0
      }
    },
    "confusion_matrix": [
      [
        31650,
        3038
      ],
      [
        221,
        5091
      ]
    ]
  },
  "xgboost": {
    "roc_auc": 0.9665626034392992,
    "classification_report": {
      "0": {
        "precision": 0.9990613975466874,
        "recall": 0.8898754612546126,
        "f1-score": 0.9413128001829687,
        "support": 34688.0
      },
      "1": {
        "precision": 0.580358123695485,
        "recall": 0.9945406626506024,
        "f1-score": 0.7329864724245577,
        "support": 5312.0
      },
      "accuracy": 0.903775,
      "macro avg": {
        "precision": 0.7897097606210862,
        "recall": 0.9422080619526074,
        "f1-score": 0.8371496363037632,
        "support": 40000.0
      },
      "weighted avg": {
        "precision": 0.9434576027792476,
        "recall": 0.903775,
        "f1-score": 0.9136470638566517,
        "support": 40000.0
      }
    },
    "confusion_matrix": [
      [
        30868,
        3820
      ],
      [
        29,
        5283
      ]
    ],
    "rainfall_importance_percent_total": 15.2235689163208
  }
}